filename,count,deployment_id,timestamp,sun_cell_count
SC6_20231215132001.JPG,0,SC6,20231215132001,0
SC6_20231215135001.JPG,1,SC6,20231215135001,0
SC6_20231215142001.JPG,0,SC6,20231215142001,0
SC6_20231215145001.JPG,1,SC6,20231215145001,0
SC6_20231215152001.JPG,1,SC6,20231215152001,0
SC6_20231215155001.JPG,2,SC6,20231215155001,0
SC6_20231215162002.JPG,2,SC6,20231215162002,0
SC6_20231215165002.JPG,0,SC6,20231215165002,0
SC6_20231215172001.JPG,0,SC6,20231215172001,0
SC6_20231215175001.JPG,0,SC6,20231215175001,0
SC6_20231215182001.JPG,0,SC6,20231215182001,0
SC6_20231215185001.JPG,0,SC6,20231215185001,0
SC6_20231215192001.JPG,0,SC6,20231215192001,0
SC6_20231215195001.JPG,0,SC6,20231215195001,0
SC6_20231215202001.JPG,0,SC6,20231215202001,0
SC6_20231215205001.JPG,0,SC6,20231215205001,0
SC6_20231215212001.JPG,0,SC6,20231215212001,0
SC6_20231215215001.JPG,0,SC6,20231215215001,0
SC6_20231215222001.JPG,0,SC6,20231215222001,0
SC6_20231215225001.JPG,0,SC6,20231215225001,0
SC6_20231215232001.JPG,0,SC6,20231215232001,0
SC6_20231215235000.JPG,0,SC6,20231215235000,0
SC6_20231216002001.JPG,0,SC6,20231216002001,0
SC6_20231216005001.JPG,0,SC6,20231216005001,0
SC6_20231216012001.JPG,0,SC6,20231216012001,0
SC6_20231216015001.JPG,0,SC6,20231216015001,0
SC6_20231216022001.JPG,0,SC6,20231216022001,0
SC6_20231216025001.JPG,0,SC6,20231216025001,0
SC6_20231216032001.JPG,0,SC6,20231216032001,0
SC6_20231216035001.JPG,0,SC6,20231216035001,0
SC6_20231216042001.JPG,0,SC6,20231216042001,0
SC6_20231216045001.JPG,0,SC6,20231216045001,0
SC6_20231216052001.JPG,0,SC6,20231216052001,0
SC6_20231216055001.JPG,0,SC6,20231216055001,0
SC6_20231216062001.JPG,0,SC6,20231216062001,0
SC6_20231216065001.JPG,0,SC6,20231216065001,0
SC6_20231216072002.JPG,0,SC6,20231216072002,0
SC6_20231216075001.JPG,0,SC6,20231216075001,0
SC6_20231216082001.JPG,0,SC6,20231216082001,0
SC6_20231216085001.JPG,0,SC6,20231216085001,0
SC6_20231216092001.JPG,0,SC6,20231216092001,0
SC6_20231216095001.JPG,0,SC6,20231216095001,0
SC6_20231216102001.JPG,0,SC6,20231216102001,0
SC6_20231216105001.JPG,0,SC6,20231216105001,0
SC6_20231216112001.JPG,0,SC6,20231216112001,0
SC6_20231216115001.JPG,0,SC6,20231216115001,0
SC6_20231216122001.JPG,0,SC6,20231216122001,0
SC6_20231216125001.JPG,5,SC6,20231216125001,0
SC6_20231216132001.JPG,13,SC6,20231216132001,0
SC6_20231216135001.JPG,31,SC6,20231216135001,0
SC6_20231216142001.JPG,86,SC6,20231216142001,0
SC6_20231216145002.JPG,111,SC6,20231216145002,0
SC6_20231216152001.JPG,120,SC6,20231216152001,0
SC6_20231216155001.JPG,228,SC6,20231216155001,0
SC6_20231216162001.JPG,70,SC6,20231216162001,0
SC6_20231216165001.JPG,78,SC6,20231216165001,0
SC6_20231216172001.JPG,78,SC6,20231216172001,0
SC6_20231216175001.JPG,78,SC6,20231216175001,0
SC6_20231216182001.JPG,78,SC6,20231216182001,0
SC6_20231216185001.JPG,78,SC6,20231216185001,0
SC6_20231216192001.JPG,78,SC6,20231216192001,0
SC6_20231216195001.JPG,78,SC6,20231216195001,0
SC6_20231216202001.JPG,78,SC6,20231216202001,0
SC6_20231216205001.JPG,78,SC6,20231216205001,0
SC6_20231216212001.JPG,78,SC6,20231216212001,0
SC6_20231216215001.JPG,78,SC6,20231216215001,0
SC6_20231216222001.JPG,78,SC6,20231216222001,0
SC6_20231216225001.JPG,78,SC6,20231216225001,0
SC6_20231216232001.JPG,78,SC6,20231216232001,0
SC6_20231216235001.JPG,78,SC6,20231216235001,0
SC6_20231217002001.JPG,78,SC6,20231217002001,0
SC6_20231217005001.JPG,78,SC6,20231217005001,0
SC6_20231217012001.JPG,78,SC6,20231217012001,0
SC6_20231217015001.JPG,78,SC6,20231217015001,0
SC6_20231217022001.JPG,78,SC6,20231217022001,0
SC6_20231217025001.JPG,78,SC6,20231217025001,0
SC6_20231217032001.JPG,78,SC6,20231217032001,0
SC6_20231217035001.JPG,78,SC6,20231217035001,0
SC6_20231217042001.JPG,78,SC6,20231217042001,0
SC6_20231217045001.JPG,78,SC6,20231217045001,0
SC6_20231217052001.JPG,78,SC6,20231217052001,0
SC6_20231217055001.JPG,78,SC6,20231217055001,0
SC6_20231217062001.JPG,78,SC6,20231217062001,0
SC6_20231217065001.JPG,79,SC6,20231217065001,0
SC6_20231217072001.JPG,87,SC6,20231217072001,0
SC6_20231217075001.JPG,84,SC6,20231217075001,0
SC6_20231217082001.JPG,90,SC6,20231217082001,0
SC6_20231217085001.JPG,83,SC6,20231217085001,0
SC6_20231217092001.JPG,81,SC6,20231217092001,0
SC6_20231217095001.JPG,45,SC6,20231217095001,0
SC6_20231217105001.JPG,50,SC6,20231217105001,0
SC6_20231217112001.JPG,64,SC6,20231217112001,0
SC6_20231217115001.JPG,34,SC6,20231217115001,0
SC6_20231217122001.JPG,43,SC6,20231217122001,0
SC6_20231217125001.JPG,41,SC6,20231217125001,0
SC6_20231217132001.JPG,27,SC6,20231217132001,0
SC6_20231217135001.JPG,37,SC6,20231217135001,0
SC6_20231217142001.JPG,25,SC6,20231217142001,0
SC6_20231217145001.JPG,21,SC6,20231217145001,0
SC6_20231217152001.JPG,23,SC6,20231217152001,0
SC6_20231217162001.JPG,55,SC6,20231217162001,0
SC6_20231217165001.JPG,48,SC6,20231217165001,0
SC6_20231217172002.JPG,48,SC6,20231217172002,0
SC6_20231217175001.JPG,48,SC6,20231217175001,0
SC6_20231217182001.JPG,48,SC6,20231217182001,0
SC6_20231217185001.JPG,48,SC6,20231217185001,0
SC6_20231217192001.JPG,48,SC6,20231217192001,0
SC6_20231217195001.JPG,48,SC6,20231217195001,0
SC6_20231217202001.JPG,48,SC6,20231217202001,0
SC6_20231217205001.JPG,48,SC6,20231217205001,0
SC6_20231217212001.JPG,48,SC6,20231217212001,0
SC6_20231217215001.JPG,48,SC6,20231217215001,0
SC6_20231217222001.JPG,48,SC6,20231217222001,0
SC6_20231217225001.JPG,48,SC6,20231217225001,0
SC6_20231217232001.JPG,48,SC6,20231217232001,0
SC6_20231217235001.JPG,48,SC6,20231217235001,0
SC6_20231218002001.JPG,48,SC6,20231218002001,0
SC6_20231218005001.JPG,48,SC6,20231218005001,0
SC6_20231218012001.JPG,48,SC6,20231218012001,0
SC6_20231218015001.JPG,48,SC6,20231218015001,0
SC6_20231218022001.JPG,48,SC6,20231218022001,0
SC6_20231218025001.JPG,48,SC6,20231218025001,0
SC6_20231218032001.JPG,48,SC6,20231218032001,0
SC6_20231218035001.JPG,48,SC6,20231218035001,0
SC6_20231218042001.JPG,48,SC6,20231218042001,0
SC6_20231218045001.JPG,48,SC6,20231218045001,0
SC6_20231218052001.JPG,48,SC6,20231218052001,0
SC6_20231218055001.JPG,48,SC6,20231218055001,0
SC6_20231218062001.JPG,48,SC6,20231218062001,0
SC6_20231218065001.JPG,48,SC6,20231218065001,0
SC6_20231218072002.JPG,24,SC6,20231218072002,0
SC6_20231218075001.JPG,29,SC6,20231218075001,0
SC6_20231218082001.JPG,25,SC6,20231218082001,0
SC6_20231218085001.JPG,17,SC6,20231218085001,0
SC6_20231218092001.JPG,16,SC6,20231218092001,0
SC6_20231218095002.JPG,18,SC6,20231218095002,0
SC6_20231218102001.JPG,19,SC6,20231218102001,0
SC6_20231218112002.JPG,17,SC6,20231218112002,0
SC6_20231218115001.JPG,9,SC6,20231218115001,0
SC6_20231218122001.JPG,16,SC6,20231218122001,0
SC6_20231218125001.JPG,18,SC6,20231218125001,0
SC6_20231218132001.JPG,8,SC6,20231218132001,0
SC6_20231218135001.JPG,17,SC6,20231218135001,0
SC6_20231218142001.JPG,16,SC6,20231218142001,0
SC6_20231218145001.JPG,9,SC6,20231218145001,0
SC6_20231218152001.JPG,21,SC6,20231218152001,0
SC6_20231218155001.JPG,12,SC6,20231218155001,0
SC6_20231218162001.JPG,11,SC6,20231218162001,0
SC6_20231218165001.JPG,11,SC6,20231218165001,0
SC6_20231218172002.JPG,11,SC6,20231218172002,0
SC6_20231218175001.JPG,11,SC6,20231218175001,0
SC6_20231218182001.JPG,11,SC6,20231218182001,0
SC6_20231218185001.JPG,11,SC6,20231218185001,0
SC6_20231218192001.JPG,11,SC6,20231218192001,0
SC6_20231218195001.JPG,11,SC6,20231218195001,0
SC6_20231218202001.JPG,11,SC6,20231218202001,0
SC6_20231218205001.JPG,11,SC6,20231218205001,0
SC6_20231218212001.JPG,11,SC6,20231218212001,0
SC6_20231218215001.JPG,11,SC6,20231218215001,0
SC6_20231218222001.JPG,11,SC6,20231218222001,0
SC6_20231218225001.JPG,11,SC6,20231218225001,0
SC6_20231218232001.JPG,11,SC6,20231218232001,0
SC6_20231218235001.JPG,11,SC6,20231218235001,0
SC6_20231219002001.JPG,11,SC6,20231219002001,0
SC6_20231219005001.JPG,11,SC6,20231219005001,0
SC6_20231219012001.JPG,11,SC6,20231219012001,0
SC6_20231219015001.JPG,11,SC6,20231219015001,0
SC6_20231219022001.JPG,11,SC6,20231219022001,0
SC6_20231219025001.JPG,11,SC6,20231219025001,0
SC6_20231219032001.JPG,11,SC6,20231219032001,0
SC6_20231219035001.JPG,11,SC6,20231219035001,0
SC6_20231219042001.JPG,11,SC6,20231219042001,0
SC6_20231219045001.JPG,11,SC6,20231219045001,0
SC6_20231219052001.JPG,11,SC6,20231219052001,0
SC6_20231219055001.JPG,11,SC6,20231219055001,0
SC6_20231219062001.JPG,11,SC6,20231219062001,0
SC6_20231219065001.JPG,11,SC6,20231219065001,0
SC6_20231219072001.JPG,6,SC6,20231219072001,0
SC6_20231219075001.JPG,22,SC6,20231219075001,0
SC6_20231219082001.JPG,22,SC6,20231219082001,0
SC6_20231219085001.JPG,23,SC6,20231219085001,0
SC6_20231219092001.JPG,26,SC6,20231219092001,0
SC6_20231219095001.JPG,24,SC6,20231219095001,0
SC6_20231219102001.JPG,12,SC6,20231219102001,0
SC6_20231219105001.JPG,10,SC6,20231219105001,0
SC6_20231219112001.JPG,15,SC6,20231219112001,0
SC6_20231219115001.JPG,13,SC6,20231219115001,0
SC6_20231219122001.JPG,12,SC6,20231219122001,0
SC6_20231219125001.JPG,10,SC6,20231219125001,0
SC6_20231219132002.JPG,15,SC6,20231219132002,0
SC6_20231219135001.JPG,12,SC6,20231219135001,0
SC6_20231219142001.JPG,10,SC6,20231219142001,0
SC6_20231219145001.JPG,16,SC6,20231219145001,0
SC6_20231219152001.JPG,20,SC6,20231219152001,0
SC6_20231219155001.JPG,16,SC6,20231219155001,0
SC6_20231219162001.JPG,19,SC6,20231219162001,0
SC6_20231219165001.JPG,20,SC6,20231219165001,0
SC6_20231219172001.JPG,13,SC6,20231219172001,0
SC6_20231219175001.JPG,13,SC6,20231219175001,0
SC6_20231219182000.JPG,13,SC6,20231219182000,0
SC6_20231219185001.JPG,13,SC6,20231219185001,0
SC6_20231219192001.JPG,13,SC6,20231219192001,0
SC6_20231219195001.JPG,13,SC6,20231219195001,0
SC6_20231219202001.JPG,13,SC6,20231219202001,0
SC6_20231219205001.JPG,13,SC6,20231219205001,0
SC6_20231219212001.JPG,13,SC6,20231219212001,0
SC6_20231219215001.JPG,13,SC6,20231219215001,0
SC6_20231219222001.JPG,13,SC6,20231219222001,0
SC6_20231219225001.JPG,13,SC6,20231219225001,0
SC6_20231219232001.JPG,13,SC6,20231219232001,0
SC6_20231219235001.JPG,13,SC6,20231219235001,0
SC6_20231220002001.JPG,13,SC6,20231220002001,0
SC6_20231220005001.JPG,13,SC6,20231220005001,0
SC6_20231220012001.JPG,13,SC6,20231220012001,0
SC6_20231220015001.JPG,13,SC6,20231220015001,0
SC6_20231220022001.JPG,13,SC6,20231220022001,0
SC6_20231220025001.JPG,13,SC6,20231220025001,0
SC6_20231220032001.JPG,13,SC6,20231220032001,0
SC6_20231220035001.JPG,13,SC6,20231220035001,0
SC6_20231220042001.JPG,13,SC6,20231220042001,0
SC6_20231220045001.JPG,13,SC6,20231220045001,0
SC6_20231220052001.JPG,13,SC6,20231220052001,0
SC6_20231220055001.JPG,13,SC6,20231220055001,0
SC6_20231220062001.JPG,13,SC6,20231220062001,0
SC6_20231220065001.JPG,13,SC6,20231220065001,0
SC6_20231220072001.JPG,6,SC6,20231220072001,0
SC6_20231220075001.JPG,17,SC6,20231220075001,0
SC6_20231220082001.JPG,17,SC6,20231220082001,0
SC6_20231220085001.JPG,8,SC6,20231220085001,0
SC6_20231220092001.JPG,7,SC6,20231220092001,0
SC6_20231220095001.JPG,6,SC6,20231220095001,0
SC6_20231220102001.JPG,7,SC6,20231220102001,0
SC6_20231220105001.JPG,5,SC6,20231220105001,0
SC6_20231220112001.JPG,6,SC6,20231220112001,0
SC6_20231220115001.JPG,6,SC6,20231220115001,0
SC6_20231220122001.JPG,6,SC6,20231220122001,0
SC6_20231220125001.JPG,4,SC6,20231220125001,0
SC6_20231220132001.JPG,6,SC6,20231220132001,0
SC6_20231220135001.JPG,6,SC6,20231220135001,0
SC6_20231220142001.JPG,5,SC6,20231220142001,0
SC6_20231220145001.JPG,1,SC6,20231220145001,0
SC6_20231220152001.JPG,4,SC6,20231220152001,0
SC6_20231220155001.JPG,3,SC6,20231220155001,0
SC6_20231220162001.JPG,0,SC6,20231220162001,0
SC6_20231220165001.JPG,5,SC6,20231220165001,0
SC6_20231220172001.JPG,5,SC6,20231220172001,0
SC6_20231220175001.JPG,5,SC6,20231220175001,0
SC6_20231220182001.JPG,5,SC6,20231220182001,0
SC6_20231220185001.JPG,5,SC6,20231220185001,0
SC6_20231220192001.JPG,5,SC6,20231220192001,0
SC6_20231220195001.JPG,5,SC6,20231220195001,0
SC6_20231220202001.JPG,5,SC6,20231220202001,0
SC6_20231220205001.JPG,5,SC6,20231220205001,0
SC6_20231220212001.JPG,5,SC6,20231220212001,0
SC6_20231220215001.JPG,5,SC6,20231220215001,0
SC6_20231220222001.JPG,5,SC6,20231220222001,0
SC6_20231220225001.JPG,5,SC6,20231220225001,0
SC6_20231220232001.JPG,5,SC6,20231220232001,0
SC6_20231220235001.JPG,5,SC6,20231220235001,0
SC6_20231221002001.JPG,5,SC6,20231221002001,0
SC6_20231221005001.JPG,5,SC6,20231221005001,0
SC6_20231221012001.JPG,5,SC6,20231221012001,0
SC6_20231221015001.JPG,5,SC6,20231221015001,0
SC6_20231221022001.JPG,5,SC6,20231221022001,0
SC6_20231221025001.JPG,5,SC6,20231221025001,0
SC6_20231221032001.JPG,5,SC6,20231221032001,0
SC6_20231221035001.JPG,5,SC6,20231221035001,0
SC6_20231221042001.JPG,5,SC6,20231221042001,0
SC6_20231221045001.JPG,5,SC6,20231221045001,0
SC6_20231221052001.JPG,5,SC6,20231221052001,0
SC6_20231221055001.JPG,5,SC6,20231221055001,0
SC6_20231221062001.JPG,5,SC6,20231221062001,0
SC6_20231221065001.JPG,5,SC6,20231221065001,0
SC6_20231221072001.JPG,6,SC6,20231221072001,0
SC6_20231221075001.JPG,9,SC6,20231221075001,0
SC6_20231221082001.JPG,8,SC6,20231221082001,0
SC6_20231221085001.JPG,9,SC6,20231221085001,0
SC6_20231221092001.JPG,5,SC6,20231221092001,0
SC6_20231221095001.JPG,8,SC6,20231221095001,0
SC6_20231221102001.JPG,9,SC6,20231221102001,0
SC6_20231221105001.JPG,10,SC6,20231221105001,0
SC6_20231221112001.JPG,10,SC6,20231221112001,0
SC6_20231221115001.JPG,9,SC6,20231221115001,0
SC6_20231221122001.JPG,8,SC6,20231221122001,0
SC6_20231221125001.JPG,8,SC6,20231221125001,0
SC6_20231221132001.JPG,4,SC6,20231221132001,0
SC6_20231221135001.JPG,7,SC6,20231221135001,0
SC6_20231221142001.JPG,5,SC6,20231221142001,0
SC6_20231221145001.JPG,3,SC6,20231221145001,0
SC6_20231221152001.JPG,4,SC6,20231221152001,0
SC6_20231221155001.JPG,4,SC6,20231221155001,0
SC6_20231221162001.JPG,4,SC6,20231221162001,0
SC6_20231221165002.JPG,5,SC6,20231221165002,0
SC6_20231221172001.JPG,5,SC6,20231221172001,0
SC6_20231221175001.JPG,5,SC6,20231221175001,0
SC6_20231221182001.JPG,5,SC6,20231221182001,0
SC6_20231221185001.JPG,5,SC6,20231221185001,0
SC6_20231221192001.JPG,5,SC6,20231221192001,0
SC6_20231221195001.JPG,5,SC6,20231221195001,0
SC6_20231221202001.JPG,5,SC6,20231221202001,0
SC6_20231221205001.JPG,5,SC6,20231221205001,0
SC6_20231221212001.JPG,5,SC6,20231221212001,0
SC6_20231221215001.JPG,5,SC6,20231221215001,0
SC6_20231221222001.JPG,5,SC6,20231221222001,0
SC6_20231221225001.JPG,5,SC6,20231221225001,0
SC6_20231221232001.JPG,5,SC6,20231221232001,0
SC6_20231221235001.JPG,5,SC6,20231221235001,0
SC6_20231222002001.JPG,5,SC6,20231222002001,0
SC6_20231222005001.JPG,5,SC6,20231222005001,0
SC6_20231222012001.JPG,5,SC6,20231222012001,0
SC6_20231222015001.JPG,5,SC6,20231222015001,0
SC6_20231222022001.JPG,5,SC6,20231222022001,0
SC6_20231222025001.JPG,5,SC6,20231222025001,0
SC6_20231222032001.JPG,5,SC6,20231222032001,0
SC6_20231222035001.JPG,5,SC6,20231222035001,0
SC6_20231222042001.JPG,5,SC6,20231222042001,0
SC6_20231222045001.JPG,5,SC6,20231222045001,0
SC6_20231222052001.JPG,5,SC6,20231222052001,0
SC6_20231222055001.JPG,5,SC6,20231222055001,0
SC6_20231222062001.JPG,5,SC6,20231222062001,0
SC6_20231222065001.JPG,5,SC6,20231222065001,0
SC6_20231222072001.JPG,4,SC6,20231222072001,0
SC6_20231222075001.JPG,5,SC6,20231222075001,0
SC6_20231222082001.JPG,6,SC6,20231222082001,0
SC6_20231222085001.JPG,5,SC6,20231222085001,0
SC6_20231222092001.JPG,4,SC6,20231222092001,0
SC6_20231222095001.JPG,6,SC6,20231222095001,0
SC6_20231222102001.JPG,6,SC6,20231222102001,0
SC6_20231222105001.JPG,4,SC6,20231222105001,0
SC6_20231222112001.JPG,4,SC6,20231222112001,0
SC6_20231222115001.JPG,3,SC6,20231222115001,0
SC6_20231222122001.JPG,0,SC6,20231222122001,0
SC6_20231222125001.JPG,0,SC6,20231222125001,0
SC6_20231222132001.JPG,2,SC6,20231222132001,0
SC6_20231222135001.JPG,3,SC6,20231222135001,0
SC6_20231222142001.JPG,2,SC6,20231222142001,0
SC6_20231222145001.JPG,27,SC6,20231222145001,0
SC6_20231222152001.JPG,23,SC6,20231222152001,0
SC6_20231222155001.JPG,23,SC6,20231222155001,0
SC6_20231222162001.JPG,24,SC6,20231222162001,0
SC6_20231222165001.JPG,33,SC6,20231222165001,0
SC6_20231222172001.JPG,15,SC6,20231222172001,0
SC6_20231222175001.JPG,15,SC6,20231222175001,0
SC6_20231222182001.JPG,15,SC6,20231222182001,0
SC6_20231222185001.JPG,15,SC6,20231222185001,0
SC6_20231222192001.JPG,15,SC6,20231222192001,0
SC6_20231222195001.JPG,15,SC6,20231222195001,0
SC6_20231222202001.JPG,15,SC6,20231222202001,0
SC6_20231222205001.JPG,15,SC6,20231222205001,0
SC6_20231222212001.JPG,15,SC6,20231222212001,0
SC6_20231222215001.JPG,15,SC6,20231222215001,0
SC6_20231222222001.JPG,15,SC6,20231222222001,0
SC6_20231222225001.JPG,15,SC6,20231222225001,0
SC6_20231222232001.JPG,15,SC6,20231222232001,0
SC6_20231222235001.JPG,15,SC6,20231222235001,0
SC6_20231223002001.JPG,15,SC6,20231223002001,0
SC6_20231223005001.JPG,15,SC6,20231223005001,0
SC6_20231223012001.JPG,15,SC6,20231223012001,0
SC6_20231223015001.JPG,15,SC6,20231223015001,0
SC6_20231223022001.JPG,15,SC6,20231223022001,0
SC6_20231223025001.JPG,15,SC6,20231223025001,0
SC6_20231223032001.JPG,15,SC6,20231223032001,0
SC6_20231223035001.JPG,15,SC6,20231223035001,0
SC6_20231223042001.JPG,15,SC6,20231223042001,0
SC6_20231223045001.JPG,15,SC6,20231223045001,0
SC6_20231223052001.JPG,15,SC6,20231223052001,0
SC6_20231223055001.JPG,15,SC6,20231223055001,0
SC6_20231223062001.JPG,15,SC6,20231223062001,0
SC6_20231223065001.JPG,15,SC6,20231223065001,0
SC6_20231223072001.JPG,17,SC6,20231223072001,0
SC6_20231223075001.JPG,24,SC6,20231223075001,0
SC6_20231223082001.JPG,33,SC6,20231223082001,0
SC6_20231223085001.JPG,33,SC6,20231223085001,0
SC6_20231223092001.JPG,34,SC6,20231223092001,0
SC6_20231223095002.JPG,36,SC6,20231223095002,0
SC6_20231223102001.JPG,31,SC6,20231223102001,0
SC6_20231223105001.JPG,27,SC6,20231223105001,0
SC6_20231223112001.JPG,20,SC6,20231223112001,0
SC6_20231223115001.JPG,24,SC6,20231223115001,0
SC6_20231223122001.JPG,20,SC6,20231223122001,0
SC6_20231223125001.JPG,26,SC6,20231223125001,0
SC6_20231223132001.JPG,23,SC6,20231223132001,0
SC6_20231223135001.JPG,20,SC6,20231223135001,0
SC6_20231223142001.JPG,25,SC6,20231223142001,0
SC6_20231223145001.JPG,24,SC6,20231223145001,0
SC6_20231223152001.JPG,25,SC6,20231223152001,0
SC6_20231223155001.JPG,25,SC6,20231223155001,0
SC6_20231223162001.JPG,25,SC6,20231223162001,0
SC6_20231223165001.JPG,24,SC6,20231223165001,0
SC6_20231223172001.JPG,17,SC6,20231223172001,0
SC6_20231223175001.JPG,17,SC6,20231223175001,0
SC6_20231223182001.JPG,17,SC6,20231223182001,0
SC6_20231223185001.JPG,17,SC6,20231223185001,0
SC6_20231223192001.JPG,17,SC6,20231223192001,0
SC6_20231223195001.JPG,17,SC6,20231223195001,0
SC6_20231223202001.JPG,17,SC6,20231223202001,0
SC6_20231223205001.JPG,17,SC6,20231223205001,0
SC6_20231223212001.JPG,17,SC6,20231223212001,0
SC6_20231223215001.JPG,17,SC6,20231223215001,0
SC6_20231223222001.JPG,17,SC6,20231223222001,0
SC6_20231223225001.JPG,17,SC6,20231223225001,0
SC6_20231223232001.JPG,17,SC6,20231223232001,0
SC6_20231223235001.JPG,17,SC6,20231223235001,0
SC6_20231224002001.JPG,17,SC6,20231224002001,0
SC6_20231224005001.JPG,17,SC6,20231224005001,0
SC6_20231224012001.JPG,17,SC6,20231224012001,0
SC6_20231224015001.JPG,17,SC6,20231224015001,0
SC6_20231224022001.JPG,17,SC6,20231224022001,0
SC6_20231224025001.JPG,17,SC6,20231224025001,0
SC6_20231224032001.JPG,17,SC6,20231224032001,0
SC6_20231224035001.JPG,17,SC6,20231224035001,0
SC6_20231224042001.JPG,17,SC6,20231224042001,0
SC6_20231224045001.JPG,17,SC6,20231224045001,0
SC6_20231224052001.JPG,17,SC6,20231224052001,0
SC6_20231224055001.JPG,17,SC6,20231224055001,0
SC6_20231224062001.JPG,17,SC6,20231224062001,0
SC6_20231224065002.JPG,27,SC6,20231224065002,0
SC6_20231224072001.JPG,30,SC6,20231224072001,0
SC6_20231224075001.JPG,26,SC6,20231224075001,0
SC6_20231224082001.JPG,28,SC6,20231224082001,0
SC6_20231224085001.JPG,24,SC6,20231224085001,0
SC6_20231224092001.JPG,26,SC6,20231224092001,0
SC6_20231224095001.JPG,26,SC6,20231224095001,1
SC6_20231224102001.JPG,28,SC6,20231224102001,1
SC6_20231224105001.JPG,25,SC6,20231224105001,0
SC6_20231224112001.JPG,27,SC6,20231224112001,0
SC6_20231224115001.JPG,25,SC6,20231224115001,0
SC6_20231224122001.JPG,25,SC6,20231224122001,0
SC6_20231224125001.JPG,20,SC6,20231224125001,0
SC6_20231224132001.JPG,14,SC6,20231224132001,0
SC6_20231224135001.JPG,19,SC6,20231224135001,0
SC6_20231224142001.JPG,28,SC6,20231224142001,0
SC6_20231224145001.JPG,33,SC6,20231224145001,3
SC6_20231224152001.JPG,37,SC6,20231224152001,2
SC6_20231224155001.JPG,40,SC6,20231224155001,2
SC6_20231224162001.JPG,38,SC6,20231224162001,0
SC6_20231224165001.JPG,37,SC6,20231224165001,0
SC6_20231224172001.JPG,37,SC6,20231224172001,0
SC6_20231224175001.JPG,37,SC6,20231224175001,0
SC6_20231224182001.JPG,37,SC6,20231224182001,0
SC6_20231224185001.JPG,37,SC6,20231224185001,0
SC6_20231224192001.JPG,37,SC6,20231224192001,0
SC6_20231224195001.JPG,37,SC6,20231224195001,0
SC6_20231224202001.JPG,37,SC6,20231224202001,0
SC6_20231224205001.JPG,37,SC6,20231224205001,0
SC6_20231224212001.JPG,37,SC6,20231224212001,0
SC6_20231224215001.JPG,37,SC6,20231224215001,0
SC6_20231224222001.JPG,37,SC6,20231224222001,0
SC6_20231224225001.JPG,37,SC6,20231224225001,0
SC6_20231224232001.JPG,37,SC6,20231224232001,0
SC6_20231224235001.JPG,37,SC6,20231224235001,0
SC6_20231225002001.JPG,37,SC6,20231225002001,0
SC6_20231225005001.JPG,37,SC6,20231225005001,0
SC6_20231225012001.JPG,37,SC6,20231225012001,0
SC6_20231225015001.JPG,37,SC6,20231225015001,0
SC6_20231225022001.JPG,37,SC6,20231225022001,0
SC6_20231225025001.JPG,37,SC6,20231225025001,0
SC6_20231225032001.JPG,37,SC6,20231225032001,0
SC6_20231225035001.JPG,37,SC6,20231225035001,0
SC6_20231225042001.JPG,37,SC6,20231225042001,0
SC6_20231225045001.JPG,37,SC6,20231225045001,0
SC6_20231225052001.JPG,37,SC6,20231225052001,0
SC6_20231225055001.JPG,37,SC6,20231225055001,0
SC6_20231225062001.JPG,37,SC6,20231225062001,0
SC6_20231225065002.JPG,36,SC6,20231225065002,0
SC6_20231225072001.JPG,39,SC6,20231225072001,0
SC6_20231225075001.JPG,35,SC6,20231225075001,0
SC6_20231225082001.JPG,35,SC6,20231225082001,0
SC6_20231225085001.JPG,36,SC6,20231225085001,0
SC6_20231225092001.JPG,39,SC6,20231225092001,2
SC6_20231225095001.JPG,39,SC6,20231225095001,7
SC6_20231225102001.JPG,34,SC6,20231225102001,2
SC6_20231225105001.JPG,35,SC6,20231225105001,7
SC6_20231225112001.JPG,37,SC6,20231225112001,9
SC6_20231225115001.JPG,32,SC6,20231225115001,9
SC6_20231225122001.JPG,32,SC6,20231225122001,9
SC6_20231225125001.JPG,37,SC6,20231225125001,12
SC6_20231225132001.JPG,35,SC6,20231225132001,12
SC6_20231225135001.JPG,47,SC6,20231225135001,0
SC6_20231225142001.JPG,52,SC6,20231225142001,0
SC6_20231225145001.JPG,58,SC6,20231225145001,0
SC6_20231225152001.JPG,54,SC6,20231225152001,0
SC6_20231225155001.JPG,50,SC6,20231225155001,0
SC6_20231225162001.JPG,48,SC6,20231225162001,0
SC6_20231225165001.JPG,48,SC6,20231225165001,0
SC6_20231225172001.JPG,48,SC6,20231225172001,0
SC6_20231225175001.JPG,48,SC6,20231225175001,0
SC6_20231225182001.JPG,48,SC6,20231225182001,0
SC6_20231225185001.JPG,48,SC6,20231225185001,0
SC6_20231225192001.JPG,48,SC6,20231225192001,0
SC6_20231225195001.JPG,48,SC6,20231225195001,0
SC6_20231225202001.JPG,48,SC6,20231225202001,0
SC6_20231225205001.JPG,48,SC6,20231225205001,0
SC6_20231225212001.JPG,48,SC6,20231225212001,0
SC6_20231225215001.JPG,48,SC6,20231225215001,0
SC6_20231225222001.JPG,48,SC6,20231225222001,0
SC6_20231225225001.JPG,48,SC6,20231225225001,0
SC6_20231225232001.JPG,48,SC6,20231225232001,0
SC6_20231225235001.JPG,48,SC6,20231225235001,0
SC6_20231226002001.JPG,48,SC6,20231226002001,0
SC6_20231226005001.JPG,48,SC6,20231226005001,0
SC6_20231226012001.JPG,48,SC6,20231226012001,0
SC6_20231226015001.JPG,48,SC6,20231226015001,0
SC6_20231226022001.JPG,48,SC6,20231226022001,0
SC6_20231226025001.JPG,48,SC6,20231226025001,0
SC6_20231226032001.JPG,48,SC6,20231226032001,0
SC6_20231226035001.JPG,48,SC6,20231226035001,0
SC6_20231226042001.JPG,48,SC6,20231226042001,0
SC6_20231226045001.JPG,48,SC6,20231226045001,0
SC6_20231226052001.JPG,48,SC6,20231226052001,0
SC6_20231226055001.JPG,48,SC6,20231226055001,0
SC6_20231226062001.JPG,48,SC6,20231226062001,0
SC6_20231226065001.JPG,48,SC6,20231226065001,0
SC6_20231226072001.JPG,47,SC6,20231226072001,0
SC6_20231226075001.JPG,48,SC6,20231226075001,0
SC6_20231226082001.JPG,50,SC6,20231226082001,0
SC6_20231226085001.JPG,57,SC6,20231226085001,0
SC6_20231226092001.JPG,56,SC6,20231226092001,0
SC6_20231226095001.JPG,44,SC6,20231226095001,0
SC6_20231226102001.JPG,44,SC6,20231226102001,0
SC6_20231226105001.JPG,43,SC6,20231226105001,0
SC6_20231226112001.JPG,42,SC6,20231226112001,0
SC6_20231226115001.JPG,30,SC6,20231226115001,0
SC6_20231226122001.JPG,33,SC6,20231226122001,0
SC6_20231226125001.JPG,31,SC6,20231226125001,0
SC6_20231226132001.JPG,31,SC6,20231226132001,0
SC6_20231226135001.JPG,33,SC6,20231226135001,0
SC6_20231226142001.JPG,33,SC6,20231226142001,0
SC6_20231226145001.JPG,43,SC6,20231226145001,0
SC6_20231226152001.JPG,53,SC6,20231226152001,0
SC6_20231226155001.JPG,53,SC6,20231226155001,0
SC6_20231226162001.JPG,55,SC6,20231226162001,0
SC6_20231226165001.JPG,55,SC6,20231226165001,0
SC6_20231226172001.JPG,55,SC6,20231226172001,0
SC6_20231226175001.JPG,55,SC6,20231226175001,0
SC6_20231226182001.JPG,55,SC6,20231226182001,0
SC6_20231226185001.JPG,55,SC6,20231226185001,0
SC6_20231226192001.JPG,55,SC6,20231226192001,0
SC6_20231226195001.JPG,55,SC6,20231226195001,0
SC6_20231226202001.JPG,55,SC6,20231226202001,0
SC6_20231226205001.JPG,55,SC6,20231226205001,0
SC6_20231226212001.JPG,55,SC6,20231226212001,0
SC6_20231226215001.JPG,55,SC6,20231226215001,0
SC6_20231226222001.JPG,55,SC6,20231226222001,0
SC6_20231226225001.JPG,55,SC6,20231226225001,0
SC6_20231226232001.JPG,55,SC6,20231226232001,0
SC6_20231226235001.JPG,55,SC6,20231226235001,0
SC6_20231227002001.JPG,55,SC6,20231227002001,0
SC6_20231227005001.JPG,55,SC6,20231227005001,0
SC6_20231227012001.JPG,55,SC6,20231227012001,0
SC6_20231227015001.JPG,55,SC6,20231227015001,0
SC6_20231227022001.JPG,55,SC6,20231227022001,0
SC6_20231227025001.JPG,55,SC6,20231227025001,0
SC6_20231227032001.JPG,55,SC6,20231227032001,0
SC6_20231227035001.JPG,55,SC6,20231227035001,0
SC6_20231227042001.JPG,55,SC6,20231227042001,0
SC6_20231227045001.JPG,55,SC6,20231227045001,0
SC6_20231227052001.JPG,55,SC6,20231227052001,0
SC6_20231227055001.JPG,55,SC6,20231227055001,0
SC6_20231227062001.JPG,55,SC6,20231227062001,0
SC6_20231227065001.JPG,55,SC6,20231227065001,0
SC6_20231227072001.JPG,34,SC6,20231227072001,0
SC6_20231227075001.JPG,35,SC6,20231227075001,0
SC6_20231227082001.JPG,35,SC6,20231227082001,0
SC6_20231227085001.JPG,35,SC6,20231227085001,0
SC6_20231227092000.JPG,34,SC6,20231227092000,0
SC6_20231227095001.JPG,35,SC6,20231227095001,0
SC6_20231227102001.JPG,33,SC6,20231227102001,5
SC6_20231227105001.JPG,30,SC6,20231227105001,0
SC6_20231227112001.JPG,26,SC6,20231227112001,1
SC6_20231227115001.JPG,51,SC6,20231227115001,0
SC6_20231227122001.JPG,17,SC6,20231227122001,0
SC6_20231227125001.JPG,18,SC6,20231227125001,0
SC6_20231227132001.JPG,5025,SC6,20231227132001,2
SC6_20231227135001.JPG,133,SC6,20231227135001,0
SC6_20231227142001.JPG,149,SC6,20231227142001,2
SC6_20231227145001.JPG,60,SC6,20231227145001,0
SC6_20231227152001.JPG,42,SC6,20231227152001,0
SC6_20231227155002.JPG,59,SC6,20231227155002,0
SC6_20231227162001.JPG,50,SC6,20231227162001,0
SC6_20231227165001.JPG,21,SC6,20231227165001,0
SC6_20231227172001.JPG,21,SC6,20231227172001,0
SC6_20231227175001.JPG,21,SC6,20231227175001,0
SC6_20231227182001.JPG,21,SC6,20231227182001,0
SC6_20231227185001.JPG,21,SC6,20231227185001,0
SC6_20231227192001.JPG,21,SC6,20231227192001,0
SC6_20231227195001.JPG,21,SC6,20231227195001,0
SC6_20231227202001.JPG,21,SC6,20231227202001,0
SC6_20231227205001.JPG,21,SC6,20231227205001,0
SC6_20231227212001.JPG,21,SC6,20231227212001,0
SC6_20231227215001.JPG,21,SC6,20231227215001,0
SC6_20231227222001.JPG,21,SC6,20231227222001,0
SC6_20231227225001.JPG,21,SC6,20231227225001,0
SC6_20231227232001.JPG,21,SC6,20231227232001,0
SC6_20231227235001.JPG,21,SC6,20231227235001,0
SC6_20231228002001.JPG,21,SC6,20231228002001,0
SC6_20231228005001.JPG,21,SC6,20231228005001,0
SC6_20231228012001.JPG,21,SC6,20231228012001,0
SC6_20231228015001.JPG,21,SC6,20231228015001,0
SC6_20231228022001.JPG,21,SC6,20231228022001,0
SC6_20231228025001.JPG,21,SC6,20231228025001,0
SC6_20231228032001.JPG,21,SC6,20231228032001,0
SC6_20231228035001.JPG,21,SC6,20231228035001,0
SC6_20231228042001.JPG,21,SC6,20231228042001,0
SC6_20231228045001.JPG,21,SC6,20231228045001,0
SC6_20231228052001.JPG,21,SC6,20231228052001,0
SC6_20231228055001.JPG,21,SC6,20231228055001,0
SC6_20231228062001.JPG,21,SC6,20231228062001,0
SC6_20231228065001.JPG,21,SC6,20231228065001,0
SC6_20231228072001.JPG,43,SC6,20231228072001,0
SC6_20231228075001.JPG,46,SC6,20231228075001,0
SC6_20231228082001.JPG,43,SC6,20231228082001,0
SC6_20231228085001.JPG,54,SC6,20231228085001,0
SC6_20231228092001.JPG,72,SC6,20231228092001,0
SC6_20231228095002.JPG,60,SC6,20231228095002,0
SC6_20231228102001.JPG,58,SC6,20231228102001,0
SC6_20231228105001.JPG,58,SC6,20231228105001,0
SC6_20231228112001.JPG,49,SC6,20231228112001,0
SC6_20231228115001.JPG,50,SC6,20231228115001,0
SC6_20231228122001.JPG,50,SC6,20231228122001,0
SC6_20231228125001.JPG,38,SC6,20231228125001,0
SC6_20231228132001.JPG,25,SC6,20231228132001,3
SC6_20231228135001.JPG,1043,SC6,20231228135001,0
SC6_20231228142001.JPG,57,SC6,20231228142001,0
SC6_20231228145001.JPG,55,SC6,20231228145001,0
SC6_20231228152001.JPG,57,SC6,20231228152001,0
SC6_20231228155001.JPG,58,SC6,20231228155001,0
SC6_20231228162002.JPG,50,SC6,20231228162002,0
SC6_20231228165001.JPG,51,SC6,20231228165001,0
SC6_20231228172001.JPG,51,SC6,20231228172001,0
SC6_20231228175001.JPG,51,SC6,20231228175001,0
SC6_20231228182001.JPG,51,SC6,20231228182001,0
SC6_20231228185001.JPG,51,SC6,20231228185001,0
SC6_20231228192001.JPG,51,SC6,20231228192001,0
SC6_20231228195001.JPG,51,SC6,20231228195001,0
SC6_20231228202001.JPG,51,SC6,20231228202001,0
SC6_20231228205001.JPG,51,SC6,20231228205001,0
SC6_20231228212001.JPG,51,SC6,20231228212001,0
SC6_20231228215001.JPG,51,SC6,20231228215001,0
SC6_20231228222001.JPG,51,SC6,20231228222001,0
SC6_20231228225001.JPG,51,SC6,20231228225001,0
SC6_20231228232001.JPG,51,SC6,20231228232001,0
SC6_20231228235001.JPG,51,SC6,20231228235001,0
SC6_20231229002001.JPG,51,SC6,20231229002001,0
SC6_20231229005001.JPG,51,SC6,20231229005001,0
SC6_20231229012001.JPG,51,SC6,20231229012001,0
SC6_20231229015001.JPG,51,SC6,20231229015001,0
SC6_20231229022001.JPG,51,SC6,20231229022001,0
SC6_20231229025001.JPG,51,SC6,20231229025001,0
SC6_20231229032001.JPG,51,SC6,20231229032001,0
SC6_20231229035001.JPG,51,SC6,20231229035001,0
SC6_20231229042001.JPG,51,SC6,20231229042001,0
SC6_20231229045001.JPG,51,SC6,20231229045001,0
SC6_20231229052001.JPG,51,SC6,20231229052001,0
SC6_20231229055001.JPG,51,SC6,20231229055001,0
SC6_20231229062001.JPG,51,SC6,20231229062001,0
SC6_20231229065001.JPG,51,SC6,20231229065001,0
SC6_20231229072001.JPG,56,SC6,20231229072001,0
SC6_20231229075001.JPG,73,SC6,20231229075001,0
SC6_20231229082001.JPG,63,SC6,20231229082001,0
SC6_20231229085001.JPG,57,SC6,20231229085001,0
SC6_20231229092001.JPG,66,SC6,20231229092001,0
SC6_20231229095001.JPG,55,SC6,20231229095001,0
SC6_20231229102001.JPG,55,SC6,20231229102001,0
SC6_20231229105001.JPG,55,SC6,20231229105001,0
SC6_20231229112001.JPG,55,SC6,20231229112001,0
SC6_20231229115001.JPG,41,SC6,20231229115001,0
SC6_20231229122001.JPG,29,SC6,20231229122001,0
SC6_20231229125001.JPG,31,SC6,20231229125001,0
SC6_20231229132001.JPG,24,SC6,20231229132001,0
SC6_20231229135001.JPG,35,SC6,20231229135001,0
SC6_20231229142001.JPG,33,SC6,20231229142001,0
SC6_20231229145001.JPG,32,SC6,20231229145001,0
SC6_20231229152002.JPG,24,SC6,20231229152002,0
SC6_20231229155001.JPG,36,SC6,20231229155001,0
SC6_20231229162001.JPG,14,SC6,20231229162001,0
SC6_20231229165001.JPG,26,SC6,20231229165001,0
SC6_20231229172002.JPG,26,SC6,20231229172002,0
SC6_20231229175001.JPG,26,SC6,20231229175001,0
SC6_20231229182001.JPG,26,SC6,20231229182001,0
SC6_20231229185001.JPG,26,SC6,20231229185001,0
SC6_20231229192001.JPG,26,SC6,20231229192001,0
SC6_20231229195001.JPG,26,SC6,20231229195001,0
SC6_20231229202001.JPG,26,SC6,20231229202001,0
SC6_20231229205001.JPG,26,SC6,20231229205001,0
SC6_20231229212001.JPG,26,SC6,20231229212001,0
SC6_20231229215001.JPG,26,SC6,20231229215001,0
SC6_20231229222001.JPG,26,SC6,20231229222001,0
SC6_20231229225001.JPG,26,SC6,20231229225001,0
SC6_20231229232001.JPG,26,SC6,20231229232001,0
SC6_20231229235001.JPG,26,SC6,20231229235001,0
SC6_20231230002001.JPG,26,SC6,20231230002001,0
SC6_20231230005001.JPG,26,SC6,20231230005001,0
SC6_20231230012001.JPG,26,SC6,20231230012001,0
SC6_20231230015001.JPG,26,SC6,20231230015001,0
SC6_20231230022001.JPG,26,SC6,20231230022001,0
SC6_20231230025001.JPG,26,SC6,20231230025001,0
SC6_20231230032001.JPG,26,SC6,20231230032001,0
SC6_20231230035001.JPG,26,SC6,20231230035001,0
SC6_20231230042001.JPG,26,SC6,20231230042001,0
SC6_20231230045001.JPG,26,SC6,20231230045001,0
SC6_20231230052001.JPG,26,SC6,20231230052001,0
SC6_20231230055001.JPG,26,SC6,20231230055001,0
SC6_20231230062001.JPG,26,SC6,20231230062001,0
SC6_20231230065001.JPG,26,SC6,20231230065001,0
SC6_20231230072002.JPG,28,SC6,20231230072002,0
SC6_20231230075001.JPG,28,SC6,20231230075001,0
SC6_20231230082001.JPG,19,SC6,20231230082001,0
SC6_20231230085001.JPG,17,SC6,20231230085001,0
SC6_20231230092001.JPG,17,SC6,20231230092001,0
SC6_20231230095001.JPG,19,SC6,20231230095001,0
SC6_20231230102001.JPG,36,SC6,20231230102001,0
SC6_20231230105001.JPG,34,SC6,20231230105001,0
SC6_20231230112001.JPG,34,SC6,20231230112001,0
SC6_20231230115001.JPG,34,SC6,20231230115001,0
SC6_20231230122001.JPG,33,SC6,20231230122001,0
SC6_20231230125001.JPG,11,SC6,20231230125001,0
SC6_20231230132001.JPG,37,SC6,20231230132001,0
SC6_20231230135001.JPG,33,SC6,20231230135001,0
SC6_20231230142001.JPG,30,SC6,20231230142001,0
SC6_20231230145001.JPG,36,SC6,20231230145001,0
SC6_20231230152002.JPG,21,SC6,20231230152002,0
SC6_20231230155001.JPG,30,SC6,20231230155001,0
SC6_20231230162002.JPG,21,SC6,20231230162002,0
SC6_20231230165002.JPG,16,SC6,20231230165002,0
SC6_20231230172002.JPG,16,SC6,20231230172002,0
SC6_20231230175001.JPG,16,SC6,20231230175001,0
SC6_20231230182001.JPG,16,SC6,20231230182001,0
SC6_20231230185001.JPG,16,SC6,20231230185001,0
SC6_20231230192001.JPG,16,SC6,20231230192001,0
SC6_20231230195001.JPG,16,SC6,20231230195001,0
SC6_20231230202001.JPG,16,SC6,20231230202001,0
SC6_20231230205001.JPG,16,SC6,20231230205001,0
SC6_20231230212001.JPG,16,SC6,20231230212001,0
SC6_20231230215001.JPG,16,SC6,20231230215001,0
SC6_20231230222001.JPG,16,SC6,20231230222001,0
SC6_20231230225001.JPG,16,SC6,20231230225001,0
SC6_20231230232001.JPG,16,SC6,20231230232001,0
SC6_20231230235001.JPG,16,SC6,20231230235001,0
SC6_20231231002001.JPG,16,SC6,20231231002001,0
SC6_20231231005001.JPG,16,SC6,20231231005001,0
SC6_20231231012001.JPG,16,SC6,20231231012001,0
SC6_20231231015001.JPG,16,SC6,20231231015001,0
SC6_20231231022001.JPG,16,SC6,20231231022001,0
SC6_20231231025001.JPG,16,SC6,20231231025001,0
SC6_20231231032001.JPG,16,SC6,20231231032001,0
SC6_20231231035001.JPG,16,SC6,20231231035001,0
SC6_20231231042001.JPG,16,SC6,20231231042001,0
SC6_20231231045001.JPG,16,SC6,20231231045001,0
SC6_20231231052001.JPG,16,SC6,20231231052001,0
SC6_20231231055001.JPG,16,SC6,20231231055001,0
SC6_20231231062001.JPG,16,SC6,20231231062001,0
SC6_20231231065001.JPG,16,SC6,20231231065001,0
SC6_20231231075001.JPG,16,SC6,20231231075001,0
SC6_20231231082001.JPG,28,SC6,20231231082001,0
SC6_20231231085001.JPG,37,SC6,20231231085001,0
SC6_20231231092001.JPG,28,SC6,20231231092001,0
SC6_20231231095001.JPG,28,SC6,20231231095001,0
SC6_20231231102001.JPG,37,SC6,20231231102001,0
SC6_20231231105001.JPG,42,SC6,20231231105001,0
SC6_20231231112001.JPG,44,SC6,20231231112001,0
SC6_20231231115001.JPG,43,SC6,20231231115001,0
SC6_20231231122001.JPG,49,SC6,20231231122001,0
SC6_20231231125001.JPG,47,SC6,20231231125001,0
SC6_20231231132001.JPG,32,SC6,20231231132001,0
SC6_20231231135001.JPG,20,SC6,20231231135001,0
SC6_20231231142001.JPG,15,SC6,20231231142001,0
SC6_20231231145001.JPG,24,SC6,20231231145001,0
SC6_20231231152001.JPG,23,SC6,20231231152001,0
SC6_20231231155001.JPG,5018,SC6,20231231155001,0
SC6_20231231162002.JPG,34,SC6,20231231162002,0
SC6_20231231165001.JPG,24,SC6,20231231165001,0
SC6_20231231172001.JPG,24,SC6,20231231172001,0
SC6_20231231175001.JPG,24,SC6,20231231175001,0
SC6_20231231182001.JPG,24,SC6,20231231182001,0
SC6_20231231185001.JPG,24,SC6,20231231185001,0
SC6_20231231192001.JPG,24,SC6,20231231192001,0
SC6_20231231195001.JPG,24,SC6,20231231195001,0
SC6_20231231202001.JPG,24,SC6,20231231202001,0
SC6_20231231205001.JPG,24,SC6,20231231205001,0
SC6_20231231212001.JPG,24,SC6,20231231212001,0
SC6_20231231215001.JPG,24,SC6,20231231215001,0
SC6_20231231222001.JPG,24,SC6,20231231222001,0
SC6_20231231225001.JPG,24,SC6,20231231225001,0
SC6_20231231232001.JPG,24,SC6,20231231232001,0
SC6_20231231235001.JPG,24,SC6,20231231235001,0
SC6_20240101002001.JPG,24,SC6,20240101002001,0
SC6_20240101005001.JPG,24,SC6,20240101005001,0
SC6_20240101012001.JPG,24,SC6,20240101012001,0
SC6_20240101015001.JPG,24,SC6,20240101015001,0
SC6_20240101022001.JPG,24,SC6,20240101022001,0
SC6_20240101025001.JPG,24,SC6,20240101025001,0
SC6_20240101032001.JPG,24,SC6,20240101032001,0
SC6_20240101035001.JPG,24,SC6,20240101035001,0
SC6_20240101042001.JPG,24,SC6,20240101042001,0
SC6_20240101045001.JPG,24,SC6,20240101045001,0
SC6_20240101052001.JPG,24,SC6,20240101052001,0
SC6_20240101055001.JPG,24,SC6,20240101055001,0
SC6_20240101062001.JPG,24,SC6,20240101062001,0
SC6_20240101073002.JPG,31,SC6,20240101073002,0
SC6_20240101080001.JPG,40,SC6,20240101080001,0
SC6_20240101083001.JPG,40,SC6,20240101083001,0
SC6_20240101090001.JPG,39,SC6,20240101090001,0
SC6_20240101093001.JPG,40,SC6,20240101093001,0
SC6_20240101100001.JPG,40,SC6,20240101100001,0
SC6_20240101103001.JPG,25,SC6,20240101103001,0
SC6_20240101110001.JPG,7023,SC6,20240101110001,0
SC6_20240101113001.JPG,24,SC6,20240101113001,0
SC6_20240101120001.JPG,25,SC6,20240101120001,0
SC6_20240101123001.JPG,17,SC6,20240101123001,0
SC6_20240101130001.JPG,13,SC6,20240101130001,0
SC6_20240101133001.JPG,10,SC6,20240101133001,0
SC6_20240101140001.JPG,24,SC6,20240101140001,0
SC6_20240101143001.JPG,23,SC6,20240101143001,0
SC6_20240101150001.JPG,45,SC6,20240101150001,0
SC6_20240101153001.JPG,39,SC6,20240101153001,0
SC6_20240101160001.JPG,44,SC6,20240101160001,0
SC6_20240101163001.JPG,80,SC6,20240101163001,0
SC6_20240101170001.JPG,75,SC6,20240101170001,0
SC6_20240101173004.JPG,75,SC6,20240101173004,0
SC6_20240101180001.JPG,75,SC6,20240101180001,0
SC6_20240101183001.JPG,75,SC6,20240101183001,0
SC6_20240101190001.JPG,75,SC6,20240101190001,0
SC6_20240101193001.JPG,75,SC6,20240101193001,0
SC6_20240101200001.JPG,75,SC6,20240101200001,0
SC6_20240101203001.JPG,75,SC6,20240101203001,0
SC6_20240101210001.JPG,75,SC6,20240101210001,0
SC6_20240101213001.JPG,75,SC6,20240101213001,0
SC6_20240101220001.JPG,75,SC6,20240101220001,0
SC6_20240101223001.JPG,75,SC6,20240101223001,0
SC6_20240101230001.JPG,75,SC6,20240101230001,0
SC6_20240101233001.JPG,75,SC6,20240101233001,0
SC6_20240102000001.JPG,75,SC6,20240102000001,0
SC6_20240102003001.JPG,75,SC6,20240102003001,0
SC6_20240102010001.JPG,75,SC6,20240102010001,0
SC6_20240102013001.JPG,75,SC6,20240102013001,0
SC6_20240102020001.JPG,75,SC6,20240102020001,0
SC6_20240102023001.JPG,75,SC6,20240102023001,0
SC6_20240102030001.JPG,75,SC6,20240102030001,0
SC6_20240102033001.JPG,75,SC6,20240102033001,0
SC6_20240102040001.JPG,75,SC6,20240102040001,0
SC6_20240102044002.JPG,75,SC6,20240102044002,0
SC6_20240102051001.JPG,75,SC6,20240102051001,0
SC6_20240102055001.JPG,75,SC6,20240102055001,0
SC6_20240102062001.JPG,75,SC6,20240102062001,0
SC6_20240102065001.JPG,75,SC6,20240102065001,0
SC6_20240102072001.JPG,64,SC6,20240102072001,0
SC6_20240102075001.JPG,46,SC6,20240102075001,0
SC6_20240102082001.JPG,42,SC6,20240102082001,0
SC6_20240102085001.JPG,44,SC6,20240102085001,0
SC6_20240102092002.JPG,45,SC6,20240102092002,3
SC6_20240102095001.JPG,44,SC6,20240102095001,0
SC6_20240102102001.JPG,43,SC6,20240102102001,11
SC6_20240102105001.JPG,47,SC6,20240102105001,0
SC6_20240102112001.JPG,48,SC6,20240102112001,0
SC6_20240102115001.JPG,53,SC6,20240102115001,0
SC6_20240102122001.JPG,40,SC6,20240102122001,0
SC6_20240102125001.JPG,11,SC6,20240102125001,0
SC6_20240102132001.JPG,20,SC6,20240102132001,0
SC6_20240102135001.JPG,20,SC6,20240102135001,0
SC6_20240102142001.JPG,52,SC6,20240102142001,0
SC6_20240102145001.JPG,51,SC6,20240102145001,0
SC6_20240102152001.JPG,56,SC6,20240102152001,0
SC6_20240102155001.JPG,52,SC6,20240102155001,0
SC6_20240102162001.JPG,54,SC6,20240102162001,0
SC6_20240102165001.JPG,55,SC6,20240102165001,0
SC6_20240102172001.JPG,55,SC6,20240102172001,0
SC6_20240102175001.JPG,55,SC6,20240102175001,0
SC6_20240102182001.JPG,55,SC6,20240102182001,0
SC6_20240102185001.JPG,55,SC6,20240102185001,0
SC6_20240102192001.JPG,55,SC6,20240102192001,0
SC6_20240102195001.JPG,55,SC6,20240102195001,0
SC6_20240102202001.JPG,55,SC6,20240102202001,0
SC6_20240102205001.JPG,55,SC6,20240102205001,0
SC6_20240102212001.JPG,55,SC6,20240102212001,0
SC6_20240102215001.JPG,55,SC6,20240102215001,0
SC6_20240102222001.JPG,55,SC6,20240102222001,0
SC6_20240102225001.JPG,55,SC6,20240102225001,0
SC6_20240102232001.JPG,55,SC6,20240102232001,0
SC6_20240102235001.JPG,55,SC6,20240102235001,0
SC6_20240103002001.JPG,55,SC6,20240103002001,0
SC6_20240103005001.JPG,55,SC6,20240103005001,0
SC6_20240103012001.JPG,55,SC6,20240103012001,0
SC6_20240103015001.JPG,55,SC6,20240103015001,0
SC6_20240103022001.JPG,55,SC6,20240103022001,0
SC6_20240103025001.JPG,55,SC6,20240103025001,0
SC6_20240103032001.JPG,55,SC6,20240103032001,0
SC6_20240103035001.JPG,55,SC6,20240103035001,0
SC6_20240103042001.JPG,55,SC6,20240103042001,0
SC6_20240103045001.JPG,55,SC6,20240103045001,0
SC6_20240103052001.JPG,55,SC6,20240103052001,0
SC6_20240103055001.JPG,55,SC6,20240103055001,0
SC6_20240103062001.JPG,55,SC6,20240103062001,0
SC6_20240103065001.JPG,55,SC6,20240103065001,0
SC6_20240103072001.JPG,38,SC6,20240103072001,0
SC6_20240103075001.JPG,67,SC6,20240103075001,0
SC6_20240103082001.JPG,74,SC6,20240103082001,0
SC6_20240103085001.JPG,65,SC6,20240103085001,4
SC6_20240103092001.JPG,67,SC6,20240103092001,2
SC6_20240103095001.JPG,68,SC6,20240103095001,4
SC6_20240103102001.JPG,66,SC6,20240103102001,5
SC6_20240103105001.JPG,69,SC6,20240103105001,0
SC6_20240103112001.JPG,58,SC6,20240103112001,0
SC6_20240103115001.JPG,66,SC6,20240103115001,0
SC6_20240103122001.JPG,51,SC6,20240103122001,0
SC6_20240103125001.JPG,28,SC6,20240103125001,0
SC6_20240103132001.JPG,34,SC6,20240103132001,0
SC6_20240103135001.JPG,21,SC6,20240103135001,0
SC6_20240103142001.JPG,21,SC6,20240103142001,0
SC6_20240103145001.JPG,30,SC6,20240103145001,0
SC6_20240103152001.JPG,41,SC6,20240103152001,0
SC6_20240103155001.JPG,26,SC6,20240103155001,0
SC6_20240103162001.JPG,32,SC6,20240103162001,0
SC6_20240103165002.JPG,35,SC6,20240103165002,0
SC6_20240103172001.JPG,39,SC6,20240103172001,0
SC6_20240103175001.JPG,39,SC6,20240103175001,0
SC6_20240103182001.JPG,39,SC6,20240103182001,0
SC6_20240103185001.JPG,39,SC6,20240103185001,0
SC6_20240103192001.JPG,39,SC6,20240103192001,0
SC6_20240103195001.JPG,39,SC6,20240103195001,0
SC6_20240103202001.JPG,39,SC6,20240103202001,0
SC6_20240103205001.JPG,39,SC6,20240103205001,0
SC6_20240103212001.JPG,39,SC6,20240103212001,0
SC6_20240103215001.JPG,39,SC6,20240103215001,0
SC6_20240103222001.JPG,39,SC6,20240103222001,0
SC6_20240103225001.JPG,39,SC6,20240103225001,0
SC6_20240103232001.JPG,39,SC6,20240103232001,0
SC6_20240103235001.JPG,39,SC6,20240103235001,0
SC6_20240104002001.JPG,39,SC6,20240104002001,0
SC6_20240104005001.JPG,39,SC6,20240104005001,0
SC6_20240104012001.JPG,39,SC6,20240104012001,0
SC6_20240104015001.JPG,39,SC6,20240104015001,0
SC6_20240104022001.JPG,39,SC6,20240104022001,0
SC6_20240104025001.JPG,39,SC6,20240104025001,0
SC6_20240104032001.JPG,39,SC6,20240104032001,0
SC6_20240104035001.JPG,39,SC6,20240104035001,0
SC6_20240104042001.JPG,39,SC6,20240104042001,0
SC6_20240104045001.JPG,39,SC6,20240104045001,0
SC6_20240104052001.JPG,39,SC6,20240104052001,0
SC6_20240104055001.JPG,39,SC6,20240104055001,0
SC6_20240104063001.JPG,39,SC6,20240104063001,0
SC6_20240104070001.JPG,41,SC6,20240104070001,0
SC6_20240104073001.JPG,38,SC6,20240104073001,0
SC6_20240104080001.JPG,39,SC6,20240104080001,0
SC6_20240104083001.JPG,29,SC6,20240104083001,1
SC6_20240104090001.JPG,29,SC6,20240104090001,2
SC6_20240104093001.JPG,39,SC6,20240104093001,7
SC6_20240104100001.JPG,33,SC6,20240104100001,8
SC6_20240104103001.JPG,25,SC6,20240104103001,8
SC6_20240104110001.JPG,33,SC6,20240104110001,6
SC6_20240104113001.JPG,35,SC6,20240104113001,6
SC6_20240104120001.JPG,24,SC6,20240104120001,2
SC6_20240104123001.JPG,25,SC6,20240104123001,0
SC6_20240104130001.JPG,11,SC6,20240104130001,0
SC6_20240104133001.JPG,29,SC6,20240104133001,0
SC6_20240104140001.JPG,43,SC6,20240104140001,0
SC6_20240104143001.JPG,34,SC6,20240104143001,0
SC6_20240104150001.JPG,34,SC6,20240104150001,0
SC6_20240104153001.JPG,65,SC6,20240104153001,0
SC6_20240104160001.JPG,57,SC6,20240104160001,0
SC6_20240104163001.JPG,58,SC6,20240104163001,0
SC6_20240104170001.JPG,57,SC6,20240104170001,0
SC6_20240104173002.JPG,57,SC6,20240104173002,0
SC6_20240104180001.JPG,57,SC6,20240104180001,0
SC6_20240104183001.JPG,57,SC6,20240104183001,0
SC6_20240104190001.JPG,57,SC6,20240104190001,0
SC6_20240104193001.JPG,57,SC6,20240104193001,0
SC6_20240104200001.JPG,57,SC6,20240104200001,0
SC6_20240104203001.JPG,57,SC6,20240104203001,0
SC6_20240104210001.JPG,57,SC6,20240104210001,0
SC6_20240104213001.JPG,57,SC6,20240104213001,0
SC6_20240104220001.JPG,57,SC6,20240104220001,0
SC6_20240104223001.JPG,57,SC6,20240104223001,0
SC6_20240104230001.JPG,57,SC6,20240104230001,0
SC6_20240104233001.JPG,57,SC6,20240104233001,0
SC6_20240105000001.JPG,57,SC6,20240105000001,0
SC6_20240105003001.JPG,57,SC6,20240105003001,0
SC6_20240105010001.JPG,57,SC6,20240105010001,0
SC6_20240105013001.JPG,57,SC6,20240105013001,0
SC6_20240105020001.JPG,57,SC6,20240105020001,0
SC6_20240105023001.JPG,57,SC6,20240105023001,0
SC6_20240105030001.JPG,57,SC6,20240105030001,0
SC6_20240105033001.JPG,57,SC6,20240105033001,0
SC6_20240105040000.JPG,57,SC6,20240105040000,0
SC6_20240105043001.JPG,57,SC6,20240105043001,0
SC6_20240105050001.JPG,57,SC6,20240105050001,0
SC6_20240105053001.JPG,57,SC6,20240105053001,0
SC6_20240105060001.JPG,57,SC6,20240105060001,0
SC6_20240105063001.JPG,57,SC6,20240105063001,0
SC6_20240105070001.JPG,36,SC6,20240105070001,0
SC6_20240105073001.JPG,36,SC6,20240105073001,0
SC6_20240105080001.JPG,35,SC6,20240105080001,0
SC6_20240105083001.JPG,25,SC6,20240105083001,0
SC6_20240105090001.JPG,25,SC6,20240105090001,2
SC6_20240105093001.JPG,25,SC6,20240105093001,3
SC6_20240105100001.JPG,46,SC6,20240105100001,5
SC6_20240105103001.JPG,46,SC6,20240105103001,3
SC6_20240105110001.JPG,44,SC6,20240105110001,1
SC6_20240105113001.JPG,45,SC6,20240105113001,0
SC6_20240105120001.JPG,35,SC6,20240105120001,0
SC6_20240105123001.JPG,15,SC6,20240105123001,0
SC6_20240105130001.JPG,11,SC6,20240105130001,0
SC6_20240105133001.JPG,12,SC6,20240105133001,0
SC6_20240105140001.JPG,20,SC6,20240105140001,0
