filename,count,deployment_id,timestamp
SC4_20231203143001.JPG,433,SC4,20231203143001
SC4_20231203144001.JPG,436,SC4,20231203144001
SC4_20231203145001.JPG,525,SC4,20231203145001
SC4_20231203150000.JPG,495,SC4,20231203150000
SC4_20231203151001.JPG,417,SC4,20231203151001
SC4_20231203152001.JPG,417,SC4,20231203152001
SC4_20231203153001.JPG,426,SC4,20231203153001
SC4_20231203154001.JPG,425,SC4,20231203154001
SC4_20231203155001.JPG,413,SC4,20231203155001
SC4_20231203160001.JPG,423,SC4,20231203160001
SC4_20231203161001.JPG,526,SC4,20231203161001
SC4_20231203162001.JPG,436,SC4,20231203162001
SC4_20231203163001.JPG,617,SC4,20231203163001
SC4_20231203164001.JPG,616,SC4,20231203164001
SC4_20231203165001.JPG,438,SC4,20231203165001
SC4_20231203170001.JPG,420,SC4,20231203170001
SC4_20231203171001.JPG,420,SC4,20231203171001
SC4_20231203172002.JPG,420,SC4,20231203172002
SC4_20231203173001.JPG,420,SC4,20231203173001
SC4_20231203174001.JPG,420,SC4,20231203174001
SC4_20231203175001.JPG,420,SC4,20231203175001
SC4_20231203180001.JPG,420,SC4,20231203180001
SC4_20231203181001.JPG,420,SC4,20231203181001
SC4_20231203182001.JPG,420,SC4,20231203182001
SC4_20231203183001.JPG,420,SC4,20231203183001
SC4_20231203184001.JPG,420,SC4,20231203184001
SC4_20231203185001.JPG,420,SC4,20231203185001
SC4_20231203190001.JPG,420,SC4,20231203190001
SC4_20231203191001.JPG,420,SC4,20231203191001
SC4_20231203192001.JPG,420,SC4,20231203192001
SC4_20231203193001.JPG,420,SC4,20231203193001
SC4_20231203194001.JPG,420,SC4,20231203194001
SC4_20231203195001.JPG,420,SC4,20231203195001
SC4_20231203200001.JPG,420,SC4,20231203200001
SC4_20231203201001.JPG,420,SC4,20231203201001
SC4_20231203202001.JPG,420,SC4,20231203202001
SC4_20231203203001.JPG,420,SC4,20231203203001
SC4_20231203204001.JPG,420,SC4,20231203204001
SC4_20231203205001.JPG,420,SC4,20231203205001
SC4_20231203210001.JPG,420,SC4,20231203210001
SC4_20231203211001.JPG,420,SC4,20231203211001
SC4_20231203212001.JPG,420,SC4,20231203212001
SC4_20231203213001.JPG,420,SC4,20231203213001
SC4_20231203214001.JPG,420,SC4,20231203214001
SC4_20231203215001.JPG,420,SC4,20231203215001
SC4_20231203220001.JPG,420,SC4,20231203220001
SC4_20231203221001.JPG,420,SC4,20231203221001
SC4_20231203222001.JPG,420,SC4,20231203222001
SC4_20231203223001.JPG,420,SC4,20231203223001
SC4_20231203224001.JPG,420,SC4,20231203224001
SC4_20231203225001.JPG,420,SC4,20231203225001
SC4_20231203230001.JPG,420,SC4,20231203230001
SC4_20231203231001.JPG,420,SC4,20231203231001
SC4_20231203232001.JPG,420,SC4,20231203232001
SC4_20231203233001.JPG,420,SC4,20231203233001
SC4_20231203234001.JPG,420,SC4,20231203234001
SC4_20231203235001.JPG,420,SC4,20231203235001
SC4_20231204000001.JPG,420,SC4,20231204000001
SC4_20231204001001.JPG,420,SC4,20231204001001
SC4_20231204002001.JPG,420,SC4,20231204002001
SC4_20231204003001.JPG,420,SC4,20231204003001
SC4_20231204004001.JPG,420,SC4,20231204004001
SC4_20231204005001.JPG,420,SC4,20231204005001
SC4_20231204010001.JPG,420,SC4,20231204010001
SC4_20231204011001.JPG,420,SC4,20231204011001
SC4_20231204012001.JPG,420,SC4,20231204012001
SC4_20231204013001.JPG,420,SC4,20231204013001
SC4_20231204014001.JPG,420,SC4,20231204014001
SC4_20231204015001.JPG,420,SC4,20231204015001
SC4_20231204020001.JPG,420,SC4,20231204020001
SC4_20231204021001.JPG,420,SC4,20231204021001
SC4_20231204022001.JPG,420,SC4,20231204022001
SC4_20231204023001.JPG,420,SC4,20231204023001
SC4_20231204024001.JPG,420,SC4,20231204024001
SC4_20231204025001.JPG,420,SC4,20231204025001
SC4_20231204030001.JPG,420,SC4,20231204030001
SC4_20231204031001.JPG,420,SC4,20231204031001
SC4_20231204032001.JPG,420,SC4,20231204032001
SC4_20231204033000.JPG,420,SC4,20231204033000
SC4_20231204034001.JPG,420,SC4,20231204034001
SC4_20231204035001.JPG,420,SC4,20231204035001
SC4_20231204040001.JPG,420,SC4,20231204040001
SC4_20231204041001.JPG,420,SC4,20231204041001
SC4_20231204042001.JPG,420,SC4,20231204042001
SC4_20231204043001.JPG,420,SC4,20231204043001
SC4_20231204044001.JPG,420,SC4,20231204044001
SC4_20231204045001.JPG,420,SC4,20231204045001
SC4_20231204050001.JPG,420,SC4,20231204050001
SC4_20231204051001.JPG,420,SC4,20231204051001
SC4_20231204052001.JPG,420,SC4,20231204052001
SC4_20231204053001.JPG,420,SC4,20231204053001
SC4_20231204054001.JPG,420,SC4,20231204054001
SC4_20231204055001.JPG,420,SC4,20231204055001
SC4_20231204060001.JPG,420,SC4,20231204060001
SC4_20231204061001.JPG,420,SC4,20231204061001
SC4_20231204062001.JPG,420,SC4,20231204062001
SC4_20231204063001.JPG,420,SC4,20231204063001
SC4_20231204064001.JPG,608,SC4,20231204064001
SC4_20231204065001.JPG,598,SC4,20231204065001
SC4_20231204070001.JPG,607,SC4,20231204070001
SC4_20231204071001.JPG,607,SC4,20231204071001
SC4_20231204072001.JPG,607,SC4,20231204072001
SC4_20231204073001.JPG,607,SC4,20231204073001
SC4_20231204074001.JPG,610,SC4,20231204074001
SC4_20231204075001.JPG,609,SC4,20231204075001
SC4_20231204080001.JPG,609,SC4,20231204080001
SC4_20231204081001.JPG,609,SC4,20231204081001
SC4_20231204082001.JPG,608,SC4,20231204082001
SC4_20231204083001.JPG,516,SC4,20231204083001
SC4_20231204084001.JPG,505,SC4,20231204084001
SC4_20231204085001.JPG,508,SC4,20231204085001
SC4_20231204090001.JPG,516,SC4,20231204090001
SC4_20231204091001.JPG,512,SC4,20231204091001
SC4_20231204092001.JPG,512,SC4,20231204092001
